Date,Open,High,Low,Close,Volume,sentiment_score,total_addresses,million_dollar_addresses,ratio,SMA_5,SMA_14,WMA_3,WMA_5,WMA_10,EMA_3,EMA_5,EMA_10,RSI_14,Stoch_RSI_14,MACD_30_15,MACD_Signal_9,ROC_5,ROC_12,MOM_5,MOM_10,MOM_20,K,D,J,STD_10,STD_20,ATR_7,ATR_14,BB_Mid_10,BB_High_10,BB_Low_10,OBV,VWAP_20,VWAP_10,VWAP_5,MFI_14,MFI_7,AD_Line,CMF_20,CMF_10
2025-11-20,3023.11,3061.05,2786.9,2830.59,215908.80878084,0.1042142857142857,164800786.0,1365.0,8.282727486506042e-06,2830.59,2830.59,2830.59,2830.59,2830.59,2830.59,2830.59,2830.59,,,0.0,0.0,,,,,,,,,,,,,2830.59,,,0.0,,,,,,-147092.0598796187,,
2025-11-21,2830.31,2882.31,2620.0,2763.99,289458.97165947,0.1065582677165354,164899252.0,1369.0,8.302038871589302e-06,2797.29,2797.29,2797.29,2797.29,2797.29,2797.29,2808.3900000000003,2818.480909090909,,,-4.028225806451701,-0.8056451612903403,,,,,,,,,,,,,2797.29,,,-289458.97165947,,,,,,-118765.22597127176,,
2025-11-22,2763.99,2797.86,2702.71,2768.5,93138.03438977,0.1065582677165354,164992158.0,1367.0,8.285242259816979e-06,2787.693333333333,2787.693333333333,2787.693333333333,2787.693333333333,2787.693333333333,2782.895,2795.0933333333337,2809.39347107438,,,-7.020255593132333,-2.048567247658739,,,,,,,,,,,,,2787.693333333333,,,-196320.9372697,,,,,,-83105.54554227224,,
2025-11-23,2768.4,2857.19,2766.72,2801.14,103122.45973534,0.1065582677165354,165096976.0,1366.0,8.273925017257736e-06,2791.055,2791.055,2777.8766666666666,2791.055,2791.055,2792.0175,2797.1088888888894,2807.8928399699475,,,-7.438568236317678,-3.126567445390527,,,,,,,,,,,,,2791.055,,,-93198.47753436,,,,,,-107760.5560880378,,
2025-11-24,2801.14,2985.82,2762.0,2952.59,183914.24759294,0.1065582677165354,165210858.0,1357.0,8.213745854403832e-06,2823.362,2823.362,2840.7433333333333,2823.362,2823.362,2872.30375,2848.9359259259263,2834.2014145208664,,,1.439293335884031,-2.2133952891356152,,,,,,,,,,,,,2823.362,,,90715.77005858,,,2824.198069450067,,,21543.10757573237,,
2025-11-25,2952.58,2979.0,2854.98,2958.17,129153.15107452,0.1065582677165354,165311003.0,1356.0,8.202720783201588e-06,2848.878,2845.83,2903.9666666666667,2848.878,2845.83,2915.236875,2885.3472839506176,2856.7411573352542,,,9.032145402356036,0.035712849162715,0.0450718754747243,,127.57999999999991,,,,,,,,,,2845.83,,,219868.9211331,,,2844.131825979899,,,107311.96358683934,,
2025-11-26,2958.17,3044.78,2887.88,3026.43,105309.10876742,0.1065582677165354,165435380.0,1357.0,8.202598500997792e-06,2901.366,2871.63,2979.063333333333,2901.366,2871.63,2970.8334375,2932.3748559670785,2887.5936741833893,,,19.303051364812745,3.8891805522927214,0.0949496922926638,,262.44000000000005,,,,,,,,175.26000000000008,,2871.63,,,325178.02990052,,,2913.108195224569,,68.96906372443927,187988.5402206431,,
2025-11-27,3026.34,3071.58,2983.79,3014.86,73449.92905273,0.1065582677165354,165564878.0,1360.0,8.2143025527431e-06,2950.638,2889.53375,2999.82,2950.638,2889.53375,2992.84671875,2959.8699039780527,2910.733006150046,,,26.85481671823618,8.482307785481414,0.0889868159653242,,246.36000000000013,,,,,,,,148.63714285714292,,2889.53375,,,251728.10084779,,,2948.3081695997857,,71.43687583029416,166528.34338498415,,
2025-11-28,3014.9,3099.0,2993.63,3031.86,128095.41347223,0.1065582677165354,165702631.0,1362.0,8.21954359915987e-06,2996.782,2905.347777777778,3024.3833333333337,2996.782,2905.347777777778,3012.353359375,2983.8666026520355,2932.7560959409466,,,33.847956771900044,13.55543758276514,0.0823664650820739,,230.72000000000023,,,,,,,,142.45612244897964,,2905.347777777778,,,379823.51432002,,,2990.0536733387344,,100.0,131383.25082085628,,
2025-11-29,3031.86,3053.53,2963.0,2990.31,59997.88078648,0.1065582677165354,165803516.0,1363.0,8.220573561298905e-06,3004.326,2913.844,3012.3433333333337,3004.326,2913.844,3001.3316796875,2986.014401768024,2943.220442133502,,,36.7861080515363,18.20157167651937,0.0127752244639451,,37.7199999999998,,,,,,110.21959476931092,,135.0381049562683,,2913.844,3122.970977351082,2704.717022648918,319825.63353354,,2888.742168495687,3003.975862881326,,92.19465928316956,107584.24608162609,,0.0778722459646634
2025-11-30,2990.3,3053.78,2976.98,2991.9,42972.80053891,0.1065582677165354,165879016.0,1364.0,8.222860449087786e-06,3011.072,2920.94,3004.69,3011.072,2929.975,2996.61583984375,2987.97626784535,2952.0712708365013,,,38.99063423566213,22.359384188347928,0.011402319677368,,33.73000000000002,161.30999999999997,,,,,108.47152757495604,,126.71837567680144,,2929.975,3135.785253048773,2724.164746951227,362798.4340724501,,2902.798413499357,3017.1449866180824,,91.6117877461227,81308.16908543844,,0.1889772975270777
2025-12-01,2991.68,3000.07,2716.82,2798.3,173487.80302209,0.1065582677165354,166029691.0,1356.0,8.167213899109166e-06,2965.446,2910.72,2926.8366666666666,2965.446,2933.406,2897.457919921875,2924.7508452302336,2924.1128579571373,,,28.771027569961007,23.641712864670545,-0.0753792422094677,,-228.12999999999963,34.3100000000004,,,,,103.04487611392098,,149.08003629440125,,2933.406,3128.919905837922,2737.8920941620777,189310.63105036004,,2922.979007046775,2935.671303301096,,68.0718787060275,7631.742516939936,,0.1156802539307894
2025-12-02,2798.25,3034.84,2781.87,2996.7,128062.03226086,0.1065582677165354,166164196.0,1358.0,8.17263906840677e-06,2961.814,2917.333846153846,2928.966666666667,2961.814,2956.226,2947.078959960937,2948.733896820156,2937.310520146749,,,32.173760601101094,25.34812241195666,-0.0060234969451319,0.0586838786260106,-18.16000000000031,228.19999999999985,,,,,86.38983739100586,,163.9214596809154,,2956.226,3120.1391917082938,2792.3128082917056,317372.66331122,,2944.111921707492,2939.4245796457926,,68.03712763329727,97078.24004696832,,0.1597990478116762
2025-12-03,2996.6,3214.99,2986.28,3189.79,166820.22275226,0.1065582677165354,166312271.0,1359.0,8.171375400195215e-06,2993.4,2936.795,2994.9300000000003,2993.4,2995.091,3068.4344799804685,3029.085931213437,2983.215880120067,,,46.37842706932361,29.55418334343005,0.0520901360880778,0.1540526557621411,157.92999999999984,388.6500000000001,,95.76463469974289,,,95.78008868119583,,173.17696544078458,168.01714285714291,2995.091,3176.820940835295,2813.361059164705,484192.88606348,,2990.892277680443,2991.8021885603803,69.88763237980498,70.90886532297986,227136.8903856309,,0.2811281488027859
2025-12-04,3189.8,3241.57,3067.09,3134.13,146083.73369148,0.1065582677165354,166444180.0,1357.0,8.152883447171298e-06,3022.164,2958.4764285714286,3106.873333333333,3022.164,3013.245,3101.2822399902343,3064.1006208089584,3010.654811007328,64.57225156024964,,54.26508206493099,34.496363087730245,0.0480953479739558,0.1320679068087411,143.82000000000016,181.54,,82.71473848480461,,,103.70591960496309,,173.36311323495823,160.8978571428572,3013.245,3210.0131476763954,2816.4768523236044,338109.152372,,3015.1408107832167,3023.56437539653,72.47955400137485,73.62149121741388,193311.9084900796,,0.1489197366493842
2025-12-05,3134.09,3194.24,2985.36,3022.61,139256.13602594,0.1065582677165354,166561724.0,1350.0,8.105103427003433e-06,3028.306,2976.949285714286,3115.51,3028.306,3019.689,3061.946119995117,3050.2704138726394,3012.828481733268,57.89608218913195,,53.537907871295374,38.30467204444327,0.0102643804940005,0.079064238131618,30.71000000000004,64.44000000000005,,59.36606910885944,79.28181409780231,19.534579130973697,101.88962224442224,,178.4369542013927,164.3251530612245,3019.689,3213.010965735919,2826.3670342640808,198853.01634606,,3022.358547873859,3025.1933897067515,77.87998238932747,57.49403391867123,103723.43875067988,,-0.0030841570300572
2025-12-06,3022.51,3068.83,3012.66,3039.13,36886.93732815,0.10838203125,166665057.0,1350.0,8.10007823055555e-06,3076.472,2996.28,3065.2900000000004,3076.472,3020.959,3050.538059997559,3046.55694258176,3017.6105759635825,58.579271579989296,,53.51011683480101,41.34576100251482,0.0860629668012722,0.0293098601566759,240.83,12.700000000000273,,61.42162934730823,67.83414564699076,48.59659674794315,102.06198470101911,,160.9702464583366,156.59978498542276,3020.959,3214.608000503488,2827.309999496512,235739.95367421,,3022.531942334472,3089.812947290109,74.89417891682669,59.04563993516216,101602.29209641767,,-0.0788834183191301
2025-12-07,3039.12,3150.2,2910.08,3061.0,73740.78542865,0.10838203125,166738822.0,1355.0,8.126481785987429e-06,3089.332,3014.8414285714284,3040.9133333333334,3089.332,3025.573,3055.7690299987794,3051.371295054507,3025.499562152022,59.51581397074271,,54.37861758448662,43.95233231890918,0.0214569359628926,0.0347613558382378,64.30000000000018,46.13999999999987,,65.58932825154832,62.12567556923866,72.51663361616765,102.7959318315227,,172.27735410714564,162.56551462932111,3025.573,3220.6145672722096,2830.53143272779,309480.73910286,,3025.635974451307,3107.225449179723,74.54935028958549,60.53331899989076,120556.48698504128,,-0.0419679561959655
2025-12-08,3060.71,3180.0,3040.27,3124.93,118930.55246979,0.10838203125,166833133.0,1355.0,8.12188787463459e-06,3076.36,3027.151428571429,3075.02,3076.36,3034.88,3090.3495149993896,3075.890863369671,3043.5778235789267,62.205947135020935,,58.51772410471722,46.86541067607079,-0.0203336269785785,0.0325465978066565,-64.86000000000013,93.06999999999972,,77.77227251071933,68.26107670319196,96.79466412577406,107.53248449757945,,167.62773209183914,160.93440644151246,3034.88,3238.908544081459,2830.851455918541,428411.29157265,,3035.773545798132,3084.564997081449,73.64780995839837,78.36070111045866,145741.88058398958,,0.0132186666953332
2025-12-09,3124.93,3398.0,3090.92,3318.54,135391.03238959,0.10838203125,166960318.0,1353.0,8.103721987400622e-06,3113.242,3052.8921428571425,3168.156666666667,3113.242,3067.7030000000004,3204.444757499695,3156.773908913114,3093.5709465645764,68.93772008492627,,73.14414819906187,52.121158180669006,0.0588392951153908,0.1007277286507499,184.40999999999983,328.23,,88.33494817816143,77.23218298014302,110.54047857419825,138.1513398857288,144.99915162274488,187.54948465014783,171.37337740997586,3067.7030000000004,3329.8267375057817,2805.579262494219,563802.32396224,2972.0269195890683,3071.078838087539,3133.032297107417,74.01009216984532,78.92221560427757,211065.36423268585,0.0829926945052146,0.0890825278163043
2025-12-10,3318.24,3477.44,3288.78,3325.02,124648.6028813,0.10838203125,167091871.0,1356.0,8.115296045730435e-06,3173.724,3074.22,3256.1633333333334,3173.724,3101.0150000000003,3264.732378749847,3212.8559392754096,3135.652592643744,69.13586911448338,,84.91864737145579,58.68065601882637,0.100049295145586,0.096693119075419,302.40999999999985,333.1199999999999,494.42999999999984,79.96108437853329,82.02276835580467,75.83771642399051,156.7521698059993,157.83222993185876,187.70812970012668,172.60813616640615,3101.0150000000003,3398.43133085626,2803.598669143741,688450.92684354,3002.426596630863,3099.2745482600258,3213.318549396152,74.58136897588545,78.03882954845879,134304.6588221617,0.1147658722965812,0.0426253966284914
2025-12-11,3325.26,3328.54,3145.53,3237.4,144773.67579285,0.10838203125,167226518.0,1357.0,8.114741706216714e-06,3213.378,3090.1157142857146,3293.653333333333,3213.378,3144.925,3251.066189374924,3221.0372928502734,3154.152121253972,63.25964566370438,,88.57222010231544,64.65896883552419,0.065239065127191,0.0826302289729159,198.27,439.0999999999999,473.4100000000003,68.44153453761406,78.91252236476959,47.499558883303,119.6405731300585,153.56988052674905,187.03696831439427,173.35112644023428,3144.925,3371.9270269953554,2917.922973004645,543677.2510506901,3047.08420452645,3158.7284560622047,3229.9074981572903,66.48479860716154,59.101653178693134,134882.13974303368,0.109935666000565,0.1047678709937822
2025-12-12,3237.7,3266.95,3045.3,3084.91,120880.53475436,0.10838203125,167325611.0,1355.0,8.097983278841874e-06,3218.16,3093.905,3215.776666666666,3218.16,3153.746,3167.988094687462,3175.661528566849,3141.5626446623405,54.56707294626279,,81.62536858683097,68.05224878578555,0.0078111728193399,0.031087268959524,23.90999999999985,88.21000000000004,316.40999999999985,48.393415897557226,65.59867827123485,13.982891150201992,110.39215443137246,139.9092634305684,191.98168712662363,176.80104598021754,3153.746,3363.200386289712,2944.291613710288,422796.7162963301,3060.1546489400544,3168.523353605483,3222.0393449352555,58.84338059472532,60.28832628767135,57205.55699968354,0.0600909988189429,-0.0330232563502309
2025-12-13,3084.91,3135.78,3079.05,3115.0,33885.15056189,0.10838203125,167425135.0,1357.0,8.105115160874739e-06,3216.174,3102.8114285714287,3145.77,3216.174,3146.267,3141.494047343731,3155.441019044566,3136.733072905551,55.85608774696976,,77.10072505934295,69.86194404049704,-0.0031776711798343,0.1131758567701817,-9.929999999999836,-74.78999999999996,313.8600000000001,52.34939917435775,56.39478320317634,44.258631116720565,110.21220844352943,126.9388417558462,172.66001753710594,168.2245426959163,3146.267,3355.3799627832764,2937.154037216724,456681.8668582201,3072.7636305887736,3163.533621038795,3236.1968164901245,59.7358514417533,60.45756110404791,66266.68398758868,0.0768081336624345,-0.1497195242327944
2025-12-14,3115.0,3130.35,3025.14,3063.3,52828.2429336,0.10838203125,167537824.0,1357.0,8.099663512401833e-06,3165.126,3107.9114285714286,3087.736666666666,3165.126,3139.184,3102.3970236718656,3124.727346029711,3123.381605104541,53.07003338563647,,69.64828922789638,69.81921307797691,-0.0769133414091738,0.0222244468915808,-255.23999999999967,-70.82999999999993,110.71000000000004,45.552312587100005,48.76504255300498,39.12685265529005,113.31132405898346,123.89565301728275,163.02430074609083,163.7235039319223,3139.184,3354.1771212294943,2924.190878770506,403853.6239246201,3082.8831622071857,3162.5147122770704,3193.6775826460107,56.732518940069205,52.49976955474053,51760.38289119411,0.0141555864296056,-0.1442604996712177
2025-12-15,3063.44,3178.0,2893.38,2964.4,188580.10039244,0.10838203125,167678132.0,1356.0,8.086922151542098e-06,3093.002,3119.7757142857145,3047.566666666667,3093.002,3133.3630000000003,3033.398511835933,3071.284897353141,3094.4758587218976,48.12488622597128,,57.00457530757603,67.25628552389674,-0.1084564904872752,-0.070659824000953,-360.6199999999999,-58.21000000000004,6.230000000000018,26.241787311126146,41.38116635752797,-4.036970781677496,121.18682281227316,123.59070005891466,180.3951149252207,172.35896793678498,3133.3630000000003,3363.2988294916213,2903.42717050838,215273.5235321801,3080.040755902569,3145.16671483974,3083.4842351437937,55.88147108358731,33.86764561891914,-42708.56066145185,-0.0683751176230437,-0.1420917204346222
2025-12-16,2964.51,2981.8,2878.01,2961.96,108885.75640921,0.10838203125,167808578.0,1358.0,8.092554124378552e-06,3037.914,3117.2942857142857,2996.5533333333333,3037.914,3125.646,2997.6792559179667,3034.8432649020942,3070.382066227007,48.00603493207362,,46.04778870902692,63.014586160922775,-0.0850806202508185,-0.0549339051028515,-275.44000000000005,-77.17000000000007,-64.4699999999998,14.004971389486654,28.5996904292376,-15.184466690015237,129.99137725249298,125.78731041659996,169.4515270787606,167.46118451272892,3125.646,3372.287296980047,2879.004703019953,106387.7671229701,3076.759256360269,3130.6210588325584,3013.165412783462,48.95710503702151,17.308128404564656,24549.03490068727,-0.0743698772386181,-0.0698867590444652
2025-12-17,2961.99,3028.99,2790.01,2832.25,153896.3781066,0.10838203125,167918544.0,1344.0,8.003880738746758e-06,2987.382,3091.7557142857145,2919.536666666667,2987.382,3102.771,2914.964627958984,2967.3121766013965,3027.085326913005,42.059468260105305,0.0,28.862412673045128,56.18415146334725,-0.0819019031349373,-0.0629786839850328,-252.65999999999983,-228.75,-182.61000000000013,6.144625634610039,15.463794778407609,-12.4937126529851,159.42580116363405,136.43004051045418,179.38416606750903,172.56967133324824,3102.771,3405.2601896845235,2800.281810315476,-47508.6109836299,3062.237269528089,3096.136986113324,2945.303668240551,39.08863408658724,0.0,-74944.60648131015,-0.105997344297639,-0.1653006587082163
2025-12-18,2832.25,2995.99,2773.42,2826.57,150314.12370061,0.10838203125,168009775.0,1347.0,8.017390654799699e-06,2929.696,3069.7871428571425,2873.5933333333337,2929.696,3072.935,2870.7673139794915,2920.398117734265,2990.6279947470043,41.815201590995606,0.0,14.219041057518552,47.79112938218152,-0.0925939004815409,-0.069941068661097,-288.42999999999984,-298.3599999999997,-205.29,7.549501434618349,9.233032819571676,4.182438664711693,181.24365945997755,146.35094968044575,185.5535709150077,176.14112338087332,3072.935,3416.820665214472,2729.049334785529,-197822.7346842399,3048.5292218750733,3059.94170728718,2909.2496313534234,29.887323373754825,0.0,-153468.32109994645,-0.1238311472072486,-0.2464494225899658
2025-12-19,2826.57,3017.41,2806.9,2978.03,120797.81921161,0.10838203125,168135259.0,1347.0,8.011407054126583e-06,2912.6420000000003,3066.602857142857,2878.9500000000003,2912.6420000000003,3038.884,2924.398656989746,2939.608745156177,2988.337450247549,50.13200834942286,0.3044144785729424,11.278950250797608,40.48869355590473,-0.0278359938628276,-0.0271055210715451,-85.26999999999998,-340.50999999999976,-12.279999999999744,29.063094798443245,14.252407289223871,58.68446981688199,160.8083102606601,146.657248471429,189.1187750700066,178.59604313938237,3038.884,3343.9963162640265,2733.771683735973,-77024.9154726299,3046.401792021735,3022.503603569215,2909.4853605233134,37.72277830344208,14.862054124440007,-77865.6766596363,-0.0785431204748957,-0.240878163399262
2025-12-20,2977.95,2992.98,2964.43,2976.6,22537.36877657,0.10838203125,168259270.0,1345.0,7.993616042670338e-06,2915.082,3062.136428571429,2927.066666666667,2915.082,3004.042,2950.499328494873,2951.9391634374515,2986.2033683843583,50.05925479342614,0.301751529143388,8.694892451337637,34.129933334991314,0.0041155039805693,-0.0474666632532568,12.199999999999818,-348.4200000000001,-15.300000000000182,28.85997556887586,21.824190600645817,42.931545505335954,125.8745629408712,147.03376781059137,166.18037863143425,167.87846862942646,3004.042,3242.872191022825,2765.2118089771748,-99562.2842491999,3046.730304938308,2987.198766054296,2893.5926195474854,39.49117823672743,17.964601473919217,-81189.0504792286,-0.0694228747098461,-0.1963712443194895
2025-12-21,2976.7,3012.25,2943.0,3001.42,38659.49857414,0.10838203125,168352874.0,1348.0,8.006991315158659e-06,2922.974,3057.8807142857145,2985.35,2922.974,2980.4440000000004,2975.9596642474366,2968.432775624968,2988.970028678111,51.37818173837314,0.3500273241550986,8.01080568443058,28.90610780487917,0.0133222595848694,-0.0955600957047375,39.46000000000004,-235.98,203.1199999999999,32.385443595352406,30.10283798755717,36.95065481094289,95.79022974998708,135.0782834419787,152.3331816840865,160.83357801303887,2980.4440000000004,3162.193182160469,2798.694817839532,-60902.7856750599,3065.474911938896,2951.211651095854,2886.8553786627963,38.074717700795794,23.350152724940827,-54621.46149520941,-0.0282217552970306,-0.1911735069022289
2025-12-22,3001.37,3075.84,2962.08,3007.69,97545.57724577,0.10838203125,168490925.0,1342.0,7.964820657254983e-06,2958.062,3049.506428571429,2995.236666666666,2958.062,2972.722,2991.8248321237184,2981.518517083312,2992.373659827545,51.72502893715119,0.3627227386606139,7.765478164063552,24.677981876716046,0.0619436843498986,-0.0954370199276997,175.44000000000003,-77.2199999999998,10.990000000000236,33.27604329422459,31.507154152817616,36.81382157703855,89.32762392202821,134.81783270301003,146.82272715778845,157.4711795835361,2972.722,3142.209249738732,2803.234750261269,36642.79157071009,3066.9325181754634,2940.2063980399043,2933.82582604609,37.04020759405203,41.02577879706423,-73948.79369562826,-0.0786207482340197,-0.1354998280239055
2025-12-23,3007.62,3033.98,2900.0,2962.85,87383.52700078,0.10838203125,168669262.0,1336.0,7.920826736053425e-06,2985.318,3024.1,2990.653333333333,2985.318,2957.507,2977.337416061859,2975.295678055541,2987.005721677082,49.031245563169136,0.2641239993850752,4.7899441198592285,20.700374325344683,0.0482139129757974,-0.0848057082844258,136.27999999999977,-152.1500000000001,-226.94000000000003,26.90690605380527,30.85613098112742,19.00845619916096,74.05274727441669,133.14545872841455,144.98805184953295,155.79323818471207,2957.507,3098.0122090279897,2817.0017909720104,-50740.73543006991,3052.814415261657,2936.344913724476,2984.6764404233927,28.50046637998412,42.300420962098016,-79349.11914395246,-0.1462308317837859,-0.1425609511366071
2025-12-24,2962.71,2976.3,2886.35,2945.07,73342.07583396,0.10838203125,168863246.0,1336.0,7.911727576289751e-06,2978.726,2996.9607142857144,2971.8700000000003,2978.726,2945.684,2961.2037080309296,2965.220452037028,2979.3810450085216,47.96456766580317,0.2867580084593353,1.2402937198062318,16.808358204236992,-0.0110677192640772,-0.0453303337860746,-32.96000000000004,-118.23000000000002,-189.06,30.9212422539271,30.368063867318984,32.02759902714333,64.04770031433824,133.70929320141133,137.12547301388545,151.09014974294695,2945.684,3067.205967133515,2824.1620328664853,-124082.81126402992,3043.037113710791,2930.5222317627417,2978.096930937917,19.86708133670548,47.866700219435,-56934.737101978346,-0.1236907442759189,-0.1043197188470946
2025-12-25,2944.96,2969.34,2889.03,2902.34,31419.70884907,0.10838203125,169008356.0,1333.0,7.887183992251838e-06,2963.874,2973.027857142857,2936.7533333333336,2963.874,2939.478,2931.7718540154647,2944.2603013580188,2965.3735822797,45.40788145163484,0.2558727291660729,-4.259745065074185,12.594737550374758,-0.0249479271652219,-0.0682696629213482,-74.25999999999976,-62.059999999999945,-120.26999999999998,26.12201892488808,27.983389077540146,22.39927861958396,65.03182174904623,137.3040078563658,129.00897686904463,146.0344247613079,2939.478,3062.8672062702367,2816.0887937297634,-155502.52011309992,3042.2142458380995,2922.300826016346,2970.9505290511183,21.83430403360829,59.47770732203266,-77939.89421948016,-0.0948471412024418,-0.0398192325110992
2025-12-26,2902.34,2991.8,2892.35,2925.43,65611.25452567,0.10838203125,169189272.0,1329.0,7.855107976349706e-06,2948.6760000000004,2961.6364285714285,2924.28,2948.6760000000004,2935.825,2928.600927007732,2937.98353423868,2958.1111127743,47.05034505040554,0.3728499327788134,-7.330867577979916,8.609616524703824,-0.0253180161390276,-0.0450070185747397,-75.99000000000024,-36.5300000000002,-113.70000000000029,37.57229719709323,31.53851945863613,49.639852674007415,64.65352310585804,139.52185003281335,124.78626588775258,142.70696584978592,2935.825,3058.496435061301,2813.1535649386988,-89891.26558742992,3038.3313284035007,2917.413156032343,2959.2292558667823,28.27770968853261,54.17229360429809,-99902.67615170314,-0.103652058956986,-0.1478914162072968
2025-12-27,2925.58,2958.84,2915.39,2946.6,17100.49298785,0.10838203125,169385143.0,1320.0,7.792891257292854e-06,2936.458,2949.6078571428566,2924.7900000000004,2936.458,2947.26,2937.600463503866,2940.855689492453,2956.0181831789723,48.577901299172666,0.600870793235418,-8.505166509286028,5.186659917905854,-0.0203112687810247,-0.0060045877749291,-61.09000000000015,114.34999999999992,-114.40000000000008,42.80488407731472,35.49973339976534,57.41518543241348,53.43888534266402,140.55698610116113,113.1667993323594,135.61718257480123,2947.26,3048.653155982044,2845.8668440179567,-72790.77259957993,3036.6145556531224,2936.7195129046568,2941.2450069773367,30.12501075356248,53.53919677177644,-92436.70717634044,-0.1128493691828406,-0.0248216497359196
2025-12-28,2946.34,2958.89,2923.24,2948.92,20908.58592207,0.10838203125,169590772.0,1325.0,7.812925104203194e-06,2933.672,2941.4378571428574,2940.316666666667,2933.672,2959.495,2943.260231751933,2943.543792994969,2954.7276044191594,48.75238687451,0.7000308926881154,-9.25747437233622,2.29783305985744,-0.0047015542467555,-0.0044024902429472,-13.929999999999836,122.34999999999992,-176.00999999999976,43.37831825596916,41.25183317679237,47.63128841432275,32.72979860412227,139.47791794666546,102.09297085630806,128.476669533744,2959.495,3021.5954265685755,2897.3945734314243,-51882.186677509926,3029.720040125713,2965.942439664402,2932.9552014235865,32.77795769516256,51.39046612213727,-83222.85346425828,-0.1279568999213143,0.1221010710052374
2025-12-29,2948.91,3054.7,2907.07,2934.19,88554.14320991,0.10838203125,169847348.0,1323.0,7.78934740859186e-06,2931.496,2939.28,2943.236666666666,2931.496,2955.111,2938.7251158759664,2940.425861996646,2950.9934945247664,47.64692428819653,0.5884787386798704,-10.6895451282021,-0.2996425777544678,-0.0036943094731195,0.0359925854003,-10.88000000000011,-43.84000000000015,-384.3499999999999,53.16116658951125,46.44812297426504,66.58725382000368,32.90687143709521,120.86729372920097,108.59826073397828,129.84476456704795,2955.111,3017.547398646936,2892.674601353064,-140436.32988741994,3002.4249025706526,2958.0760097077123,2929.4704151613228,44.25894254415302,50.03816554753286,-139241.76177810712,-0.2010310176338565,-0.1130185113183113
2025-12-30,2934.18,3005.9,2915.01,2970.42,113086.56309377,0.10838203125,170113250.0,1323.0,7.777171972200872e-06,2945.112,2939.884285714286,2951.1766666666663,2945.112,2954.493,2954.572557937983,2950.423907997764,2954.525586429354,50.61318587324762,0.8878039924343493,-9.58422768136461,-2.156559598476496,0.0234569347492024,0.050892070601471,68.07999999999993,-6.179999999999836,-354.5999999999999,65.14119436545201,53.893559736977465,87.6364636224011,32.51414873216756,93.01660750838158,106.06850920055278,127.0622813836874,2954.493,3016.1842597050754,2892.8017402949245,-27349.76679364993,2977.103937116061,2959.6202644267983,2947.433000755376,44.05013285287272,46.892794536678686,-114444.587144387,-0.1437034084095406,-0.0524856958623079
2025-12-31,2970.42,3024.29,2958.07,2966.84,84906.66933587,0.10838203125,170299388.0,1318.0,7.739311429586582e-06,2953.394,2949.4978571428574,2957.15,2953.394,2951.035,2960.706278968992,2955.8959386651763,2956.764570714926,50.30985286699568,0.8571946795112927,-8.818711967369836,-3.4889900722551643,0.0141551840242291,-0.0037575175535504,41.41000000000031,-34.57999999999993,-270.55999999999995,63.957410224191534,60.75325705971826,70.36571655313809,28.5681568067152,70.43160762305732,100.37586502904522,122.71640414199544,2951.035,3005.2392664372373,2896.8307335627624,-112256.43612951992,2954.032337150526,2958.145026605685,2956.9580867834607,55.35227911543926,65.77242370694927,-176861.6312892096,-0.1865474082005038,-0.1798023444180248
2026-01-01,2966.68,3006.97,2966.2,3000.41,31274.2034847,0.10838203125,,,,2964.156,2961.9150000000004,2979.2233333333334,2964.156,2950.307,2980.558139484496,2970.7339591101177,2964.700103312212,53.145549953199165,1.0,-6.09053812109687,-4.009299682023506,0.0182617253784023,0.0079990593294363,53.809999999999945,-7.2800000000002,-84.5,71.95285193723497,67.01715217562617,81.82425146045256,27.01451875072118,65.25054494428535,91.86074145346733,116.86308956042431,2950.307,3001.563445487363,2899.0505545126366,-80982.23264481993,2944.946038852489,2952.422792647028,2961.492824237185,65.93906930442647,73.16722366733165,-155651.630642853,-0.1345904946452106,-0.1331560269168532
2026-01-02,3000.41,3148.99,2988.41,3125.24,156570.8612605,0.10838203125,,,,2999.42,2972.4300000000003,3030.83,2999.42,2966.5460000000003,3052.899069742248,3022.2359727400785,2993.8891754372644,61.86134877045403,1.0,3.741923036304344,-2.4590551383579364,0.059791381251441,0.041253806531575,176.3199999999997,162.38999999999987,10.239999999999782,90.9572037770332,75.62248864615323,121.62663403879311,61.8018648046566,66.5456062272918,101.67777838868628,119.985726020394,2966.5460000000003,3083.806793857108,2849.285206142893,75588.62861568008,2958.1290207787533,2990.717970044868,3016.090904031623,67.5220446848238,78.23377954702109,-45394.85525776558,-0.0655212685727091,0.0497298317040606
2026-01-03,3124.62,3135.93,3075.2,3125.43,39093.70486454,0.10838203125,,,,3037.668,2983.0607142857143,3083.693333333333,3037.668,2984.582,3089.164534871124,3056.63398182672,3017.8056889941254,61.87297418891938,1.0,11.771583394691788,0.3870725682520086,0.0651764200682301,0.0391463215956431,191.23999999999967,180.35999999999967,62.12999999999965,91.02954614681695,84.64653395369504,103.79557053306075,78.814246004977,72.68874220371244,95.82809576173108,115.75317416179443,2984.582,3134.121517666732,2835.042482333268,114682.33348022008,2958.711354679768,3004.000871162896,3043.21791418209,68.14809861341332,79.19815440529838,-19819.474156692395,-0.0423432088446618,0.0572301684322392
2026-01-04,3125.53,3166.32,3117.71,3143.14,45533.73655067,0.10838203125,,,,3072.2119999999995,2993.183571428571,3131.27,3072.2119999999995,3008.662,3116.152267435562,3085.4693212178126,3040.593745540648,63.004948431990776,1.0,19.320486160671862,4.17375528673598,0.0581466593949675,0.060850194913681,172.7199999999998,240.79999999999973,178.73999999999978,91.72054148658776,91.23576380347929,92.69009685280466,87.23123622494992,82.86894123284361,89.08265351005524,110.9572331502377,3008.662,3174.171633749818,2843.152366250182,160216.07003089009,2963.445008338006,3018.382249157366,3078.9846648012995,68.45645952944282,80.2001358466778,-17711.86446241166,0.0161537676266799,0.0908909969124936
2026-01-05,3143.15,3264.66,3132.79,3225.19,116202.42497422,0.10838203125,,,,3123.882,3008.719285714286,3164.5866666666666,3123.882,3038.638,3170.671133717781,3132.042880811875,3074.1567008968937,67.77804490416983,1.0,30.306519584754824,9.40030814633975,0.0870791818904963,0.0951148869127049,258.3499999999999,299.7600000000002,263.23,89.56675742116259,90.77228168485576,87.15570889377622,105.1215171757571,99.98106864354426,95.19513158004732,112.451002210935,3038.638,3238.0920552207417,2839.183944779258,276418.4950051101,2983.112042205363,3060.626991094341,3147.1939634790697,69.30091046793993,81.4096528997618,28929.4819688123,0.0028174811746785,0.1806316445215676
2026-01-06,3225.19,3307.72,3181.62,3295.59,120521.49963554,0.10838203125,,,,3182.918,3032.4864285714284,3221.306666666667,3182.918,3073.537,3233.1305668588907,3186.5585872079173,3114.4173007338222,71.21024995917713,1.0,43.31277662475259,16.182801842022318,0.0983798880819621,0.135494118538834,295.1800000000003,348.99000000000024,463.34000000000015,97.12129482402648,92.80286457725894,105.75815531756156,126.85456905448711,114.76740071140608,99.61011278289767,113.42593062443964,3073.537,3314.226621886775,2832.8473781132247,396939.9946406501,3023.1270816085166,3097.690510699542,3194.2214150610253,79.08112532664714,100.0,126264.21252300324,0.1322555550758765,0.2678017253765538
2026-01-07,3295.58,3295.83,3121.68,3165.64,120187.64882991,0.10838203125,,,,3190.998,3048.2414285714285,3228.806666666667,3190.998,3095.209,3199.3852834294453,3179.5857248052785,3123.730518782218,58.76677910018395,0.5177392007498912,45.74985172906736,22.096211819431325,0.0129270072058467,0.0821110059034055,40.40000000000009,216.7199999999998,339.0699999999997,66.06558551673074,84.2512125873066,29.694331375579026,121.60297204427047,111.17036516323095,110.2586680996266,117.76336415126538,3095.209,3325.934417143406,2864.483582856594,276752.34581074014,3054.425652305585,3110.002862567506,3210.902492480825,74.96439702728004,80.72147672030587,66753.5552815267,0.1476772790658116,0.163741956767439
2026-01-08,3165.67,3182.0,3050.2,3104.3,123784.90554436,0.10838203125,,,,3186.772,3062.667142857143,3188.51,3186.772,3112.22,3151.842641714723,3154.490483203519,3120.197697185451,53.972495761635855,0.2865139882532042,43.66568456260666,26.41010636806639,-0.0067606697318447,0.0535193103916378,-21.12999999999965,170.11000000000013,126.26999999999998,51.02679538724518,71.4045585760008,10.271269009733942,107.67612548749894,111.8055833967338,113.3360012282514,118.76598099760358,3112.22,3316.521083697563,2907.9189163024366,152967.44026638014,3064.733420732912,3125.629039502502,3192.1761959350497,68.7357669339844,66.3113839920143,44588.73152699844,0.0819518166401771,0.1932693392447416
2026-01-09,3104.29,3145.01,3053.69,3084.31,105429.69239068,0.10838203125,,,,3175.0060000000003,3074.0157142857142,3118.083333333333,3175.0060000000003,3123.609,3118.0763208573617,3131.0969888023465,3113.6726613335504,52.47019061113414,0.2046937851764151,40.39847769197468,29.20778063284805,-0.0187169518379709,0.0459117236140689,-58.82999999999993,113.88999999999989,107.71000000000004,44.2381130662673,53.7768313234144,25.160676551973097,96.44916155962773,111.5058655478658,110.19085819564408,116.80555378348905,3123.609,3306.608417365189,2940.609582634811,47537.74787570015,3067.3015553195623,3139.6149731885785,3176.5831392247583,60.97549246091084,48.47540173914628,9861.123696165225,0.0577320434794979,0.1317488144108516
2026-01-10,3084.3,3101.47,3074.0,3082.39,21670.68894315,0.10838203125,,,,3146.446,3083.715,3090.333333333333,3146.446,3135.164,3100.233160428681,3114.8613258682312,3107.98490472745,52.3195566735951,0.1983010569324324,37.28218757051354,30.822662020381152,-0.0442764612317414,0.0505079766477289,-142.80000000000018,115.54999999999971,80.9699999999998,43.758891800823626,46.34126675144537,38.59414189958015,81.31507530040616,111.53757278084312,98.37359273912344,110.4244427989541,3135.164,3289.44850763443,2980.8794923655696,25867.05893255016,3069.143663755968,3154.871261133728,3160.9412507892016,59.33529114238524,43.88352221149094,1427.9360440983746,0.0359261540176814,0.2025397839829397
2026-01-11,3082.4,3142.41,3080.29,3118.65,38157.04305369,0.10838203125,,,,3111.058,3095.8385714285714,3095.116666666667,3111.058,3146.9880000000003,3109.4415802143403,3116.124217245488,3109.9240129588225,54.949927249829614,0.3099309097368667,36.62383567616871,31.982896751538664,-0.0536899310897289,0.04990203405579,-176.94000000000003,118.24000000000024,110.96000000000004,52.80918507425436,46.93539664711509,64.55676192853291,66.8541323911796,112.43955381377975,93.1945080621058,106.97412545617166,3146.9880000000003,3273.83479761034,3020.1412023896605,64024.10198624016,3074.396773222751,3158.7584821394967,3117.3428362495893,59.95797905368432,43.21810028157197,10395.9468068783,0.0562021219674069,0.1871692098806388
2026-01-12,3118.82,3167.27,3062.02,3091.94,88338.00436696,0.10838203125,,,,3096.318,3107.1064285714288,3097.66,3096.318,3143.658,3100.69079010717,3108.062811496992,3106.654192420855,52.64597945276975,0.111774267994553,34.17406508784416,32.42113041879976,-0.0232812322310811,0.0421660756899595,-73.69999999999982,-33.29999999999973,129.09000000000017,45.05360189452777,47.20722625653525,40.746353170512805,68.8570927194677,110.95049396725868,94.91672119609068,106.8509736378737,3143.658,3274.305147630549,3013.0108523694507,-24313.90238071984,3081.919667239845,3157.9591436564297,3096.0148610364167,52.768536608136685,26.269917430050867,-27717.390754201424,0.0343823252704712,0.0215863314523368
2026-01-13,3091.94,3375.0,3087.93,3323.38,130752.63257942,0.10838203125,,,,3140.134,3132.317857142857,3177.99,3140.134,3163.453,3212.035395053585,3179.835207664661,3146.058884707972,65.96297649695154,0.7489390541680893,45.89159912169316,35.11522415937844,0.0705730760557936,0.1076419555994014,219.08,197.95000000000027,378.31,87.61902477634138,61.82727058170783,139.2025331656085,88.64474040297421,122.81786934425668,122.36718959664915,119.72376123516844,3163.453,3331.64456936065,2995.26143063935,106438.73019870016,3108.607046946884,3183.1089828013064,3170.6946063501564,62.613061498721535,27.513469271419865,56012.20985566662,0.072443476070044,0.0832785999168985
2026-01-14,3323.37,3405.03,3278.45,3354.82,168871.62431704,0.1107015503875969,,,,3194.236,3160.030714285714,3256.7133333333336,3194.236,3184.621,3283.4276975267926,3238.163471776441,3184.015451124704,67.30796984375799,0.793428432910004,57.01448706777319,39.4950767410574,0.0877051917608802,0.0734599582752046,270.5100000000002,211.6800000000003,452.48,88.55821160813983,73.74361275966966,118.1874093050802,106.69212117635806,130.93596748732506,122.96901965427078,120.21349257551356,3184.621,3387.055066787185,2982.186933212816,275310.3545157402,3136.9345652306383,3212.915128187792,3260.471192212997,65.41867663033321,51.33090198710227,90912.523429168,0.0995265584168413,0.105061117726049
2026-01-15,3354.82,3384.32,3270.58,3317.98,137640.67755377,0.1107015503875969,,,,3241.3540000000003,3182.714285714286,3332.06,3241.3540000000003,3193.9,3300.7038487633963,3264.7689811842943,3208.3726418293027,64.111109798015,0.6241990670305136,63.431088998897394,44.2822791926254,0.0764309513072649,0.061607522804862,235.5900000000001,92.78999999999996,392.5500000000002,79.10565983390137,85.09429873946085,67.1283820227824,114.37106238516218,133.32052844258553,121.65058827508928,119.7511002486912,3193.9,3410.9038333301937,2976.8961666698065,137669.6769619702,3158.870903353887,3225.266268297585,3281.357196489339,58.07855532487634,49.67037250090846,67992.57940887255,0.094931925431836,0.0370141980768532
2026-01-16,3317.98,3326.59,3250.83,3294.88,87030.08309374,0.1107015503875969,,,,3276.6,3194.8314285714287,3322.56,3276.6,3193.829,3297.791924381698,3274.805987456197,3224.101252405793,62.11879839609245,0.5187338322821872,66.77466970059231,48.78075729421878,0.0565084251198435,0.0482765642001312,176.23000000000002,-0.7100000000000364,348.2800000000002,68.95696530733028,78.87361224979048,49.12367142240987,114.30111941222812,132.73683394319335,115.09478995007656,116.60887880235612,3193.829,3410.7001258697164,2976.957874130284,50639.59386823019,3167.283571605561,3222.900948534932,3293.412237518218,49.54041239778023,50.571601053574696,82168.28196136412,0.0949706430536675,-0.0431524876941523
2026-01-17,3294.87,3329.02,3282.3,3309.33,20339.38672031,0.1107015503875969,,,,3320.078,3207.967142857143,3307.396666666667,3320.078,3208.1980000000003,3303.560962190849,3286.313991637465,3239.597388332012,62.89556456842367,0.559852819319263,69.8470388257656,52.99401360052815,0.0703086088345827,0.0260883854904672,217.38999999999987,143.69000000000003,360.4099999999999,73.02933799284159,73.69732104469108,71.69337188914261,119.2867193688271,130.78347084016286,105.3269628143513,111.61681603075924,3208.1980000000003,3434.5286366888904,2981.8673633111102,70978.9805885402,3171.3396265453925,3232.271701858535,3326.6848563294066,48.89706189127782,53.6254456401664,85363.72499490585,0.091725524407412,0.0201842431959184
2026-01-18,3309.0,3367.65,3276.92,3282.55,34435.3169577,0.1107015503875969,,,,3311.9120000000003,3217.925,3295.5866666666666,3311.9120000000003,3226.023,3293.0554810954245,3285.0593277583102,3247.406954089828,60.4227341199066,0.4289507708272463,70.17888098205003,56.43098707683253,-0.0122856850555759,-0.0039568028789989,-40.82999999999993,178.25,348.3600000000001,65.48206183242684,69.15612171086623,58.13394207554805,115.28708707203543,123.2718344180422,103.24168241230112,110.12490059999072,3226.023,3444.7648679722706,3007.2811320277297,36543.6636308402,3185.259217029233,3253.375400217956,3324.258718382017,48.54573228727986,53.522485551297,55201.98534287882,0.1090036797607753,0.012746124677105
2026-01-19,3282.5,3282.71,3177.0,3208.25,45782.32714999,0.1107015503875969,,,,3282.5980000000004,3216.715,3266.7100000000005,3282.5980000000004,3238.4170000000004,3250.6527405477123,3259.45621850554,3240.2875078916777,54.07087781772282,0.0927081456276877,65.3905995133473,58.22290956413549,-0.0436893782676864,0.0134601533971014,-146.57000000000016,123.94000000000004,237.83,44.54245695121608,61.01795225882817,11.59146633599191,104.51858144740244,114.23511212914198,103.59429921054382,109.80955055713424,3238.4170000000004,3436.727065110166,3040.1069348898345,-9238.6635191498,3200.02627711264,3273.7611760881964,3292.0594948232133,41.98179806020023,56.81355899858775,36488.00978568396,0.0879292531227294,0.0344453732052493
2026-01-20,3187.17,3198.16,3184.67,3192.15,582.61134656,0.1107015503875969,,,,3257.432,3209.326428571429,3227.65,3257.432,3249.393,3221.401370273856,3237.0208123370267,3231.5352337295544,52.776204519485454,0.0304667239090653,59.97002557313226,58.57233276593485,-0.0379236764537459,0.0282994555938536,-125.82999999999991,109.76000000000022,225.31,40.00507285178821,50.00986387847704,19.99549079841056,91.23150625986588,102.51040641782237,92.163685037609,103.65029694591036,3249.393,3422.4926124894514,3076.2933875105487,-9821.274865709798,3212.1537691790213,3279.213278317398,3272.7900597681746,35.66298663978081,45.5146824807509,36551.49671522016,0.1307518987444597,0.0467112289056302
2026-01-21,2936.5,2946.28,2933.04,2933.55,802.96846197,0.1107015503875969,,,,3185.166,3192.748571428572,3111.316666666667,3185.166,3230.8830000000003,3077.4756851369284,3135.863874891352,3177.3561003241807,37.319424234961055,0.0,39.40826524647901,54.739519262043686,-0.1096640848832126,-0.0488796521750406,-361.3299999999999,-185.0999999999999,-66.85999999999967,0.1080531367190444,28.218527646574444,-56.11289588299175,130.8712502211389,109.91927360687434,116.01315860366488,114.7545614497739,3230.8830000000003,3479.1937385595684,2982.572261440432,-10624.243327679798,3216.148460118213,3287.39864449312,3251.2594320038147,39.86273840254609,16.826482445782318,35810.38836134757,0.119534676485476,0.0355657825384653
2026-01-22,2979.59,2991.7,2978.11,2988.45,814.16452968,0.1107015503875969,,,,3120.99,3184.473571428571,3038.05,3120.99,3220.534,3032.962842568464,3086.725916594234,3143.009536628875,41.25306418420175,0.1311714145979385,25.58022542065828,48.907660493766606,-0.096962224982096,-0.0304763511431065,-320.8800000000001,-103.49000000000024,-136.78999999999996,11.739655501175836,17.28426049656103,0.6504455104054543,146.26579361635356,118.04647418439984,107.74699308885556,110.71137848907574,3220.534,3498.0538309598764,2943.014169040124,-9810.0787979998,3225.8638904474624,3314.546375200779,3234.332301898726,45.28838328244653,29.53375453073205,36235.14380766332,0.0564534081642911,0.1019892380587184
2026-01-23,2949.36,2950.8,2944.85,2949.6,522.53874025,0.1107015503875969,,,,3054.4,3174.8514285714286,2957.2000000000003,3054.4,3183.156,2991.281421284232,3041.0172777294897,3107.844166332716,39.37014365581667,0.0683834237114203,11.705215196936024,41.46717143440049,-0.1014302904753926,-0.0542061468904815,-332.9500000000003,-373.7800000000002,-175.82999999999993,3.508548909934519,5.118752515943129,0.2881416979173004,163.77488792716383,128.5674052772965,98.58313693330476,105.91770859699888,3183.156,3493.89700163319,2872.41499836681,-10332.6175382498,3228.551096893001,3311.837720727894,3197.0332623453787,51.09452422821298,54.502221573659405,36546.91061907294,0.0400500111889969,-0.0391796479115688
2026-01-24,2952.76,2955.4,2950.01,2951.36,554.27405304,0.1107015503875969,,,,3003.022,3165.492142857143,2963.1366666666668,3003.022,3142.8100000000004,2971.320710642116,3011.131518486327,3079.392499726768,39.504854522833774,0.0728755010790399,0.3599026735109873,33.24571768222259,-0.0800716901737707,-0.0454666002574435,-256.8899999999999,-403.46,-191.7799999999997,3.881438166062873,6.376547525724405,-1.1087805532601909,166.4608011248012,137.75883998667186,85.32840308568981,98.76644369721328,3142.8100000000004,3458.6471636144147,2826.972836385586,-9778.343485209798,3231.292868993012,3289.1339397994125,2998.746267298907,52.511786806275325,43.49755962023741,36270.287761433305,0.0396222397557641,-0.1663364150259796
2026-01-25,2948.85,2951.18,2948.15,2949.91,219.52393597,0.1107015503875969,,,,2954.574,3153.4392857142857,2950.2900000000004,2954.574,3106.003,2960.615355321058,2990.724345657552,3055.850227049173,39.42713121274795,0.0702837345059046,-9.017388647466303,24.79309641628481,-0.0758861582319126,-0.1123765563974027,-242.24000000000024,-368.07000000000016,-275.2800000000002,3.5742282675480164,3.654738447848465,3.413207906947121,164.10061730874332,144.86240034761778,73.59720264487699,91.9409834331266,3106.003,3417.362029681168,2794.6439703188325,-9997.8674211798,3231.812267553384,3267.965887603957,2956.391291762827,50.095596132643045,2.574144916997824,36305.78833193669,0.005917910604513,-0.1658271993972318
2026-01-26,2814.19,2834.33,2809.43,2825.98,2373.42744074,0.1107015503875969,,,,2933.06,3134.4421428571427,2909.083333333333,2933.06,3059.1130000000003,2893.297677660529,2935.809563771701,3014.05564031296,33.381993247143384,0.0,-24.11620058643166,15.01123701574152,-0.0366688824120946,-0.1576358791231721,-107.57000000000016,-468.9000000000001,-469.6100000000001,2.778710543989283,3.4114589925333862,1.5132136469010762,170.98172475767885,157.51983470427788,83.15188798132314,95.40805604504614,3059.1130000000003,3383.5280130989604,2734.69798690104,-12371.2948619198,3224.145971721287,3236.1001622554395,2891.452502357719,56.54018936774898,23.68308050410492,37087.39897507197,-0.0790371712098168,-0.4235868540635152
2026-01-27,2926.89,3031.39,2895.61,3021.91,114381.14515769,,,,,2939.7519999999995,3112.908571428572,2932.6,2939.7519999999995,3030.371,2957.6038388302645,2964.5097091811344,3015.483705710604,47.17250111825626,0.4064881620088424,-24.430218418839104,7.122945928825398,0.011196439625893,-0.089232002603994,33.46000000000004,-287.4200000000001,-143.73000000000002,35.67494963062456,14.009296147387277,79.00625659709914,146.67698535292365,158.91131997288994,102.25142857142852,92.75571428571432,3030.371,3308.6710124254373,2752.070987574563,102009.8502957702,3202.0947375924966,3092.053737440408,2979.3998104895595,54.68231825553869,96.84503509665906,135496.62991719405,0.0612419719588943,0.2500789674929478
2026-01-28,3021.9,3041.67,2979.21,3006.17,108171.16245197,,,,,2951.0660000000003,3088.005,2951.353333333333,2951.0660000000003,3002.733,2981.886919415132,2978.396472787423,3013.790304672312,46.34254152921599,0.4217676827974081,-25.442255447634125,0.6099056535334935,0.0191788717114185,-0.0876238284854076,56.57000000000016,-276.3800000000001,-98.13000000000012,34.22219902937955,24.22528640133112,54.216024285476415,116.89505844987453,160.90079073437542,74.15857142857138,88.17571428571429,3002.733,3224.525779152069,2780.9402208479305,-6161.312156199798,3193.2827291013205,3032.046594576652,2993.6660325345574,48.50156544833374,98.6921073100097,120706.65669689597,0.0687686663949182,0.2388901588916839
2026-01-29,3006.17,3009.5,2750.36,2817.79,177140.15522134,,,,,2924.352,3052.2771428571427,2948.623333333333,2924.352,2963.687,2899.838459707566,2924.8609818582822,2978.1538856409825,37.77610874845461,0.1488845742684796,-37.45942885872273,-7.003961248917752,-0.0452571018106907,-0.1485315758778967,-133.57000000000016,-390.46,-266.52,10.923552949181072,26.940233869728388,-21.10980889191356,105.2514803326862,174.02373345700792,102.87142857142857,98.56142857142856,2963.687,3163.3876429734228,2763.986357026577,-183301.4673775398,3151.9239148362294,2935.041591376503,2934.5203897598726,47.18729539697767,56.460704593159456,35752.660822433565,0.0219684217320131,-0.0018131605407237
2026-01-30,2817.78,2824.54,2632.39,2702.69,206345.03143941,,,,,2874.9080000000004,3009.9778571428574,2842.2166666666667,2874.9080000000004,2914.741,2801.264229853783,2850.803987905522,2928.069542797168,33.67961331850849,0.0100841768054856,-53.95566815200391,-16.394302629534984,-0.0838059466221002,-0.1766492513442293,-247.2199999999998,-489.46,-379.6999999999998,9.561243641704998,18.2356652067552,-7.787599488395401,100.92232959062945,195.5473215873846,124.09285714285716,106.87499999999996,2914.741,3106.2276569659584,2723.254343034041,-389646.4988169498,3087.5765103689187,2862.169626194607,2861.716476223328,40.95326127255786,38.33469403134215,-19605.582064381542,-0.0154289050959201,-0.0918613416488269
2026-01-31,2702.68,2710.09,2238.74,2449.36,236036.47844218,,,,,2799.5840000000003,2948.5514285714285,2656.613333333333,2799.5840000000003,2866.322,2625.312114926892,2716.989325270348,2841.031444106773,26.792913166210013,0.0,-82.34589089487463,-29.58462028260292,-0.133270582240497,-0.2365432868386191,-376.6199999999999,-484.19000000000005,-669.29,18.65693456520009,13.047243718695375,29.87631625820952,177.77937343172707,240.9541036636823,190.60000000000005,137.2057142857143,2866.322,3203.634644625129,2529.00935537487,-625682.9772591298,2992.9659256418,2751.65607331552,2750.9218521712955,30.237244981669377,28.689057630545506,-44699.01143690208,-0.0352916371631804,-0.0951020593676343
2026-02-01,2449.44,2473.86,2218.57,2268.18,168839.93353968,,,,,2648.838,2876.096428571429,2473.41,2648.838,2794.295,2446.746057463446,2567.386216846899,2736.87663608736,23.14742945330613,0.0,-115.87904990702371,-46.84350620748708,-0.2494217233471546,-0.2894506837084724,-753.73,-720.27,-823.7600000000002,4.661980566466788,10.960052924457282,-7.934164149514199,252.8568473025352,297.03542532791795,226.6114285714286,148.96,2794.295,3274.0571356672485,2314.532864332752,-794522.9107988097,2917.6328146743144,2679.668597913432,2640.2015045354915,23.347244807139376,24.556285651510265,-147918.28531185983,-0.0732202107332036,-0.1815063996081057
2026-02-02,2268.24,2395.59,2156.25,2345.11,296747.25726593,,,,,2516.626,2814.443571428572,2354.2166666666667,2516.626,2733.846,2395.928028731724,2493.2941445646,2665.6463386169307,27.64886205798659,0.1519277322341536,-137.74003047013775,-65.02281106001722,-0.2199010701324276,-0.200589729167732,-661.06,-604.4899999999998,-978.27,18.12632569031876,13.815080273995202,26.74881652296587,282.1614928133649,321.7823126521872,240.73428571428576,158.50500000000002,2733.846,3269.2097911700785,2198.482208829921,-497775.6535328797,2791.156183477364,2593.380059957271,2510.121724536834,19.6839133017152,19.663654880660275,23653.05863591071,-0.0179014232158525,-0.0098365650478562
2026-02-03,2344.8,2357.76,2108.24,2230.48,330270.90869692,,,,,2399.164,2745.752857142857,2281.2566666666667,2399.164,2661.758,2313.204014365861,2405.6894297097333,2586.525186141125,25.273424147393044,0.0884906702354815,-161.45676028212165,-84.3096009044381,-0.2084293009770067,-0.253633154310763,-587.31,-720.8800000000001,-1124.34,13.095786507825997,11.961364254870505,15.36463101373698,311.0259304231009,346.18766456785835,247.0357142857144,174.64357142857148,2661.758,3251.8882109060337,2071.627789093966,-828046.5622297998,2649.800018299779,2520.5378955803144,2386.04121344898,16.190111831919452,8.596121137178727,16981.9886622314,-0.0375466896587618,-0.0117573940182706
2026-02-04,2230.48,2292.56,2072.57,2143.57,320920.4352572,,,,,2287.34,2689.325714285714,2239.72,2287.34,2581.124,2228.3870071829306,2318.316286473156,2505.987879570011,23.61673003963189,0.0195337850754641,-184.824633795301,-104.41260748261068,-0.2068753723142498,-0.2732675617032817,-559.1199999999999,-806.3399999999997,-1174.41,7.326385305953979,12.8494991680329,-3.719842418203864,331.8471825738805,370.7001845622341,269.5400000000001,171.84928571428574,2581.124,3210.75975922592,1951.48824077408,-1148966.9974869995,2535.0607321596685,2463.059530065277,2283.7687640022223,13.86747233271997,0.0,-96789.4770667062,-0.0765605898271039,-0.0678633007188653
2026-02-05,2143.2,2169.01,1814.19,1823.2,464003.04620229,,,,,2162.108,2606.093571428572,2065.75,2162.108,2480.846,2025.7935035914647,2153.2775243154374,2381.8446287391,18.74012574273316,0.0,-221.8390654710456,-127.89789908029766,-0.2556422902309174,-0.3822508945028733,-626.1600000000001,-1002.78,-1471.68,0.7340241796200337,7.052065331133327,-11.902058123406553,395.1146851006965,419.2798900430053,283.2085714285716,193.04000000000005,2480.846,3230.523405139038,1731.168594860962,-1612970.0436892896,2399.060629957279,2361.66695078717,2154.3129272117567,11.65844464219083,0.0,-537227.5187806211,-0.244889964015309,-0.2370405106836277
2026-02-06,1823.11,2092.83,1742.79,2061.95,451365.13255963,,,,,2120.862,2542.69,2009.573333333333,2120.862,2384.85,2043.8717517957325,2122.8350162102915,2323.6819689683543,30.29209455133089,0.4062962962476434,-235.9076199034412,-149.49984324492638,-0.0909231189764481,-0.3010125732649471,-206.23,-959.96,-1247.38,24.57193890120718,10.877449462260389,51.96091777910077,364.4801192566392,427.5219825370031,305.76428571428585,214.9285714285715,2384.85,3076.402403220466,1693.2975967795337,-1161604.9111296595,2326.771620501901,2271.1833150892653,2093.6296777426824,23.50519269081211,18.201798449506114,-165499.8864691995,-0.0847424069118255,-0.1090630494659054
2026-02-07,2061.95,2119.74,1993.46,2086.17,192545.45852236,,,,,2069.074,2480.8907142857142,1990.44,2069.074,2292.85,2065.020875897866,2110.6133441401944,2280.497974610472,31.358160851168265,0.4437910987661529,-244.0560122823499,-168.4110770524111,-0.1104169953648229,-0.2617888307772879,-258.94000000000005,-920.0,-1196.38,26.43662232076867,17.24752846719862,44.81481002790878,300.7662466286933,426.54008737718686,256.46857142857147,223.5342857142857,2292.85,2863.513829587966,1722.1861704120338,-969059.4526072996,2299.851821533576,2229.2626000674168,2056.013859102603,27.826379591756336,27.39899911733424,-75326.15811148287,-0.041857167408007,-0.0689233742723863
2026-02-08,2086.19,2150.0,2064.96,2088.42,121252.98101963,,,,,2040.6620000000005,2419.355714285714,2078.846666666667,2040.6620000000005,2219.913,2076.720437948933,2103.2155627601296,2245.5747064994766,31.46302334615785,0.4474792357439682,-248.6215833644219,-184.45317831481327,-0.0636903267458125,-0.3089072804947863,-142.05999999999997,-729.3699999999999,-1119.83,26.60984848484849,25.872803235608103,28.08393898332928,242.02262924730584,422.57819332484,232.14714285714288,229.3792857142857,2219.913,2679.118652234381,1760.7073477656184,-847806.4715876696,2279.0796451255574,2183.6700133989666,2022.0119728877307,30.3585598393116,33.817863167057325,-129678.97603796786,-0.0520265434555077,-0.0593300774471168
2026-02-09,2088.36,2146.76,2006.88,2103.83,228127.87563129,,,,,2032.714,2367.773571428572,2092.806666666667,2032.714,2160.027,2090.2752189744665,2103.42037517342,2219.8029416813897,32.22667426218378,0.4743377344075493,-249.4216549891462,-197.44687364967987,-0.0185391659707871,-0.3001626654513883,-39.74000000000024,-598.8600000000001,-1088.3200000000002,27.796255235279624,26.94757534696559,29.49361501190769,173.7536182868691,411.1182975661458,217.93857142857144,229.3364285714286,2160.027,2489.701311289194,1830.352688710806,-619678.5959563795,2266.038670828332,2136.353549099972,1999.5071417855288,28.51795293180723,35.42330613430343,-41578.6912109578,-0.0228355099769285,-0.0078193070735389
2026-02-10,2103.83,2123.22,1988.0,2021.71,213966.420435,,,,,2072.416,2296.3307142857143,2071.32,2072.416,2117.262,2055.992609487233,2076.1835834489466,2183.7860431938643,30.28981719731459,0.4184304570992453,-253.03202285140787,-208.56390349002547,0.1088799912242211,-0.2825192792933468,198.51,-427.6500000000001,-911.84,21.4738851933974,25.293329637841826,13.834996304508527,144.85334888930183,415.4101589310977,201.61,224.3228571428572,2117.262,2392.101905515929,1842.422094484071,-833645.0163913795,2252.837276923908,2101.3763664299554,2032.0613158100416,23.81237761056288,38.04713080532369,-148862.54940865756,-0.050809737629522,-0.03736085513577
2026-02-11,2021.7,2031.41,1901.31,1939.45,227202.64243775,,,,,,,,,,,,,,,,,,,,,,,,,,,,,,,,,,,,,,,,
2026-02-12,1939.9,2000.29,1895.56,1946.11,172231.12506456,,,,,,,,,,,,,,,,,,,,,,,,,,,,,,,,,,,,,,,,
2026-02-13,1946.11,2072.06,1923.2,2050.1,215319.34575136,0.1838726923076923,177821211.0,9740.0,5.4774118032522e-05,,,,,,,,,,,,,,,,,,,,,,,,,,,,,,,,,,,,
